id;n;primary_subject
L. Serafini;5;Accelerator Physics
M. Ferrario;10;Accelerator Physics
N. Piovella;2;Accelerator Physics
P.R. Bolton;3;Accelerator Physics
J.E. Clendenin;5;Accelerator Physics
D.H. Dowell;3;Accelerator Physics
S.M. Gierman;3;Accelerator Physics
M.E. Hernandez;1;Accelerator Physics
D. Nguyen;2;Accelerator Physics
D.T. Palmer;2;Accelerator Physics
J.B. Rosenzweig;4;Accelerator Physics
J.F. Schmerge;3;Accelerator Physics
G. D'Auria;1;Accelerator Physics
C. Rossi;1;Accelerator Physics
M. Danailov;1;Accelerator Physics
A.S. Fisher;1;Accelerator Physics
R.E. Kirby;6;Accelerator Physics
P. Krejcik;3;Accelerator Physics
C.G. Limborg;2;Accelerator Physics
G.A. Mulhollan;2;No primary subject
X.-J. Wang;1;Accelerator Physics
J. D. Bowman;1;Instrumentation and Detectors
D. R. Rich;1;Instrumentation and Detectors
B. E. Crawford;1;Instrumentation and Detectors
P. P. J. Delheij;1;Instrumentation and Detectors
M. A. Espy;1;Instrumentation and Detectors
T. Haseyama;3;Atomic Physics
G. Jones;1;Instrumentation and Detectors
C. D. Keith;1;Instrumentation and Detectors
J. Knudson;1;Instrumentation and Detectors
M. B. Leuschner;1;Instrumentation and Detectors
A. Masaike;1;Instrumentation and Detectors
Y. Masuda;1;Instrumentation and Detectors
Y. Matsuda;1;Instrumentation and Detectors
S. I. Penttila;1;Instrumentation and Detectors
V. R. Pomeroy;1;Instrumentation and Detectors
D. A. Smith;2;No primary subject
W. M. Snow;2;No primary subject
S. L. Stephenson;1;Instrumentation and Detectors
A. K. Thompson;1;Instrumentation and Detectors
V. Yuan;1;Instrumentation and Detectors
G. Bowden;5;Accelerator Physics
R.H. Miller;13;Accelerator Physics
R.M. Jones;17;Accelerator Physics
C. Adolphsen;9;Accelerator Physics
V. Dolgashev;3;Accelerator Physics
N. Kroll Z. Li;1;Accelerator Physics
R. Loewen;3;Accelerator Physics
C. Ng;1;Accelerator Physics
C. Pearson;3;Accelerator Physics
T. Raubenheimer R. Ruth;1;Accelerator Physics
S. Tantawi;1;Accelerator Physics
J.W. Wang;13;Accelerator Physics
M. Sullivan;3;Accelerator Physics
S. Ecklund;2;Accelerator Physics
D. Jensen;1;Accelerator Physics
M. Nordby;1;Accelerator Physics
A. Ringwall;1;Accelerator Physics
Z.R. Wolf;1;Accelerator Physics
F. Le Pimpec;8;Accelerator Physics
S. Adiga;3;Accelerator Physics
F. Asiri;4;Accelerator Physics
E. Doyle;3;Accelerator Physics
B. McKee;3;Accelerator Physics
A. Seryi;8;Accelerator Physics
S. Redaelli;1;Accelerator Physics
D. Dell'Orco;2;Accelerator Physics
H. Carter;2;Accelerator Physics
C.Boffo;1;Accelerator Physics
C. Boffo;1;Accelerator Physics
A. Doria;1;Accelerator Physics
G. Dattoli;1;Accelerator Physics
G. P. Gallerano;1;Accelerator Physics
L. Giannessi;1;Accelerator Physics
K. Hesch;1;Accelerator Physics
H. O. Moser;3;Accelerator Physics
P. L. Ottaviani;1;Accelerator Physics
E. Pellegrin;1;Accelerator Physics
R. Rossmanith;10;Accelerator Physics
R. Steininger;1;Accelerator Physics
V. Saile;1;Accelerator Physics
J. Wuest;1;Accelerator Physics
R.Scanlan;1;Accelerator Physics
R.B.Palmer;2;Accelerator Physics
J.C.Gallardo;2;Accelerator Physics
R.C.Fernow;2;Accelerator Physics
H.Kirk;1;Accelerator Physics
I.Stumer;1;Accelerator Physics
Y.Y.Lee;1;Accelerator Physics
M.Syphers;1;Accelerator Physics
Y.Torun;2;Accelerator Physics
D.Winn;2;Accelerator Physics
D.Neuffer;2;Accelerator Physics
Y.Cho;1;Accelerator Physics
J.Norem;1;Accelerator Physics
N.Mokhov;1;Accelerator Physics
R.Noble;2;Accelerator Physics
A.Tollestrup;1;Accelerator Physics
S.Caspi;1;Accelerator Physics
O.Napoly;1;Accelerator Physics
O. Milovanov;1;Accelerator Physics
A. Blednykh;1;Accelerator Physics
D. Kostin;1;Accelerator Physics
V. Kaljuzhny;1;Accelerator Physics
M. Lalayan;1;Accelerator Physics
A. Ponomarenko;1;Accelerator Physics
N. Sobenin;1;Accelerator Physics
A. Sulimov;1;Accelerator Physics
D. Trubin;1;Accelerator Physics
A. Zavadzev;1;Accelerator Physics
M. Dohlus;3;Accelerator Physics
K. Misono;1;Instrumentation and Detectors
M. Akatsu;1;Instrumentation and Detectors
M. Aoki;1;Instrumentation and Detectors
K. Fujimoto;1;Instrumentation and Detectors
Y. Higashino;1;Instrumentation and Detectors
M. Hirose;1;Instrumentation and Detectors
K. Inami;1;Instrumentation and Detectors
A. Ishikawa;1;Instrumentation and Detectors
T. Matsumoto;3;Instrumentation and Detectors
I. Nagai;1;Instrumentation and Detectors
T. Ohshima;2;No primary subject
A. Sugi;1;Instrumentation and Detectors
A. Sugiyama;1;Instrumentation and Detectors
S. Suzuki;2;No primary subject
M. Tomoto;1;Instrumentation and Detectors
H. Okuno;1;Instrumentation and Detectors
T. Smith;4;Accelerator Physics
A.E. Grelick;2;Accelerator Physics
N. Arnold;2;Accelerator Physics
S. Berg;1;Accelerator Physics
D. Dohan;1;Accelerator Physics
G. Goeppner;1;Accelerator Physics
Y.W. Kang;1;Accelerator Physics
A. Nassiri;2;Accelerator Physics
S. Pasky;2;Accelerator Physics
G. Pile;2;Accelerator Physics
S.J. Stein;1;Accelerator Physics
W. Baumgartner;2;Accelerator Physics
K. Jobe;2;Accelerator Physics
D. McCormick;3;Accelerator Physics
M. Ross;3;Accelerator Physics
T. Higo;8;Accelerator Physics
G.B. Bowden;4;Accelerator Physics
D.L. Burke;1;Accelerator Physics
J. Cornuelle;1;Accelerator Physics
V.A. Dolgashev;4;Accelerator Physics
W.B. Fowkes;1;Accelerator Physics
R.K. Jobe;1;Accelerator Physics
K. Ko;3;Accelerator Physics
N. Kroll;2;Accelerator Physics
Z.Li;1;Accelerator Physics
R.J. Loewen;3;Accelerator Physics
C.K. Ng;2;Accelerator Physics
T.O. Raubenhemer;1;Accelerator Physics
R. Reed;1;Accelerator Physics
R.D. Ruth;3;Accelerator Physics
G. Stupakov;2;Accelerator Physics
Y. Funahashi;1;Accelerator Physics
Y. Higashi;2;Accelerator Physics
N. Hitomi;1;Accelerator Physics
T. Suzuki;1;Accelerator Physics
K. Takata;1;Accelerator Physics
T. Takatomi;1;Accelerator Physics
N. Toge;4;Accelerator Physics
Y. Watanabe;1;Accelerator Physics
S. Allison;1;Accelerator Physics
P. Corredoura;3;Accelerator Physics
W. Ross;1;Accelerator Physics
R. Sass;2;Accelerator Physics
R. Tighe;1;Accelerator Physics
J. Felber;1;Optics
R. Gaehler;1;Optics
F. Mezei;1;Optics
R. Golub;2;No primary subject
A. E. Gromme;1;Instrumentation and Detectors
M. J. Browne;2;No primary subject
E. J. Siskind;2;Instrumentation and Detectors
B. C. Yunn;1;Accelerator Physics
D. Douglas;1;Accelerator Physics
S. V. Benson;1;Accelerator Physics
G. A. Krafft;2;Accelerator Physics
R. Li;3;Accelerator Physics
L. Merminga;1;Accelerator Physics
P.E.Knowles;1;Atomic Physics
T.A.Porcelli;1;Atomic Physics
A.Adamczak;1;Atomic Physics
J.M.Bailey;1;Atomic Physics
G.A.Beer;1;Atomic Physics
J.L.Douglas;1;Atomic Physics
M.P.Faifman;1;Atomic Physics
M.C. Fujiwara;5;Nuclear Experiment
T.M.Huber;1;Atomic Physics
P.Kammel;3;Atomic Physics
S.K.Kim;3;Instrumentation and Detectors
A.R.Kunselman;1;Atomic Physics
M.Maier;1;Atomic Physics
V.E.Mar kushin;1;Atomic Physics
G.M.Marshall;1;Atomic Physics
G.R.Mason;1;Atomic Physics
F.Mulhauser;1;Atomic Physics
A.Olin;1;Atomic Physics
C.Petitjean;3;Atomic Physics
J.Zmeskal;3;Atomic Physics
F. Galluccio;1;Accelerator Physics
R. Fedele;3;Accelerator Physics
V.I. Man'ko;2;No primary subject
G. Miele;2;Accelerator Physics
L. Orsini;1;Instrumentation and Detectors
V. Brigljevic;1;Instrumentation and Detectors
G. Bruno;1;Instrumentation and Detectors
E. Cano;1;Instrumentation and Detectors
S. Cittolin;1;Instrumentation and Detectors
A. Csilling;1;Instrumentation and Detectors
D. Gigi;1;Instrumentation and Detectors
F. Glege;1;Instrumentation and Detectors
R. Gomez-Reino;1;Instrumentation and Detectors
M. Gulmini;1;Instrumentation and Detectors
J. Gutleber;1;Instrumentation and Detectors
C. Jacobs;1;Instrumentation and Detectors
M. Kozlovszky;1;Instrumentation and Detectors
H. Larsen;1;Instrumentation and Detectors
I. Magrans de Abril;1;Instrumentation and Detectors
F. Meijers;1;Instrumentation and Detectors
E. Meschi;1;Instrumentation and Detectors
S. Murray;3;Instrumentation and Detectors
A. Oh;1;Instrumentation and Detectors
L. Pollet;1;Instrumentation and Detectors
A. Racz;1;Instrumentation and Detectors
D. Samyn;1;Instrumentation and Detectors
P. Scharff-Hansen;1;Instrumentation and Detectors
C. Schwick;1;Instrumentation and Detectors
P. Sphicas;1;Instrumentation and Detectors
V. ODell;1;Instrumentation and Detectors
I. Suzuki;1;Instrumentation and Detectors
L. Berti;1;Instrumentation and Detectors
G. Maron;1;Instrumentation and Detectors
N. Toniolo;1;Instrumentation and Detectors
L. Zangrando;1;Instrumentation and Detectors
A. Ninane;1;Instrumentation and Detectors
S. Erhan;1;Instrumentation and Detectors
S. Bhattacharya;1;Instrumentation and Detectors
J. Branson;1;Instrumentation and Detectors
K. Underwood;1;Accelerator Physics
T. Lahey;1;Accelerator Physics
J. Rock;1;Accelerator Physics
H. Shoaee;3;Accelerator Physics
M. Matsuoka;1;Instrumentation and Detectors
E. Miyata;4;Instrumentation and Detectors
H. Tsunemi;5;Instrumentation and Detectors
H. Ogata;1;Instrumentation and Detectors
D. Akutsu;1;Instrumentation and Detectors
K. Yoshita;2;Instrumentation and Detectors
Y. Hashimoto;1;Instrumentation and Detectors
K. Torii;1;Instrumentation and Detectors
N. Kawai;1;Instrumentation and Detectors
A. Yoshida;1;Instrumentation and Detectors
T. Mihara;1;Instrumentation and Detectors
T. Kotani;1;Instrumentation and Detectors
H. Negoro;1;Instrumentation and Detectors
H. Kubo;1;Instrumentation and Detectors
H. Matsumoto;3;Instrumentation and Detectors
Y. Shirasaki;1;Instrumentation and Detectors
B.C.Rubin;1;Instrumentation and Detectors
I. Sakurai;1;Instrumentation and Detectors
M. Yamauchi;1;Instrumentation and Detectors
D. Horvath;1;Nuclear Experiment
E. Widmann;2;No primary subject
J. Eades;2;No primary subject
R. S. Hayano;2;No primary subject
M. Hori;2;No primary subject
T. Ishikawa;3;No primary subject
B. Juhasz;1;Nuclear Experiment
J. Sakaguchi;2;No primary subject
H. A. Torii;1;Nuclear Experiment
H. Yamaguchi;2;No primary subject
T. Yamazaki;2;No primary subject
B. Juhász;1;Atomic Physics
R.S. Hayano;1;Atomic Physics
T. Tasaki;1;Atomic Physics
H.A. Torii;1;Atomic Physics
D. Horváth;1;Atomic Physics
O. Rind;3;Computational Physics
A. Chan;2;Computational Physics
R. Hogue;2;Computational Physics
C. Hollowell;2;Computational Physics
T. Throwe;3;Computational Physics
T. Wlodek;2;Computational Physics
J. Smith;1;Computational Physics
D. Yu;3;Accelerator Physics
S. Misawa;1;Computational Physics
B. Bense;1;Computational Physics
D. Boutigny;1;Computational Physics
D.H. Smith;1;Computational Physics
E. Antonioli;1;Computational Physics
C. Bozzi;1;Computational Physics
E. Luppi;1;Computational Physics
P. Veronesi G. Grosdidier;1;Computational Physics
D. Colling;2;Computational Physics
J. Martyniak;1;Computational Physics
R. Walker;1;Computational Physics
R. Barlow;1;Computational Physics
A. Forti;2;Computational Physics
A. McNab;1;Computational Physics
P. Elmer;1;Computational Physics
T. Adye;1;Computational Physics
R. D. Cowles;1;Computational Physics
A. Hasan;1;Computational Physics
J. Ranft;1;Computational Physics
A. Fasso';1;Computational Physics
A. Ferrari;2;No primary subject
S. Roesler;1;Computational Physics
P.R. Sala;1;Computational Physics
G. Battistoni;2;No primary subject
M. Campanella;1;Computational Physics
F. Cerutti;1;Computational Physics
L.De Biaggi;1;Computational Physics
E. Gadioli;1;Computational Physics
M.V. Garzelli;3;High Energy Physics - Phenomenology
F. Ballarini;1;Computational Physics
A. Ottolenghi;1;Computational Physics
D. Scannicchio;1;Computational Physics
M. Carboni;1;Computational Physics
M. Pelliccioni;1;Computational Physics
R. Villari;1;Computational Physics
V. Andersen;1;Computational Physics
A. Empl;1;Computational Physics
K. Lee;1;Computational Physics
L. Pinsky;1;Computational Physics
T.N. Wilson;1;Computational Physics
N. Zapp;1;Computational Physics
A. Dyshkant;2;Accelerator Physics
D. M. Kaplan;2;Accelerator Physics
E. L. Black;2;Accelerator Physics
M. Boghosian;1;Accelerator Physics
K. W. Cassel;2;Accelerator Physics
R. P. Johnson;1;Accelerator Physics
S. Geer;2;Accelerator Physics
C. J. Johnstone;1;Accelerator Physics
M. Popovic;5;Accelerator Physics
S. Ishimoto;2;Accelerator Physics
K. Yoshimura;3;Accelerator Physics
L. Bandura;2;Accelerator Physics
M. A. Cummings;2;Accelerator Physics
D. Hedin;2;Accelerator Physics
D. Kubik;2;Accelerator Physics
C. Darve;2;Accelerator Physics
Y. Kuno;3;Accelerator Physics
D. Errede;2;Accelerator Physics
M. Haney;2;Accelerator Physics
S. Majewski;2;Accelerator Physics
M. Reep;2;Accelerator Physics
D. Summers;4;Accelerator Physics
K.Chouffani;1;Accelerator Physics
T.Ohgaki;4;Accelerator Physics
I.Endo;2;Accelerator Physics
M.Andreyashikin;1;Accelerator Physics
K.Goto;1;Accelerator Physics
S.Masuda;1;Accelerator Physics
K.Matsukado;1;Accelerator Physics
T.Takahashi;2;Accelerator Physics
K.Yoshida;1;Accelerator Physics
R. Gupta;1;Accelerator Physics
R. Palmer;3;Accelerator Physics
A. Sessler;3;Accelerator Physics
A. Skrinsky;2;Accelerator Physics
A. Tollestrup;3;Accelerator Physics
A. Baltz;1;Accelerator Physics
S. Caspi;1;Accelerator Physics
P. Chen;2;Accelerator Physics
W-H. Cheng;1;Accelerator Physics
Y. Cho;1;Accelerator Physics
D. Cline;4;Accelerator Physics
E. Courant;2;Accelerator Physics
R. Fernow;1;Accelerator Physics
J. Gallardo;3;Accelerator Physics
A. Garren;3;Accelerator Physics
H. Gordon;1;Accelerator Physics
M. Green;1;Accelerator Physics
A. Hershcovitch;1;Accelerator Physics
C. Johnstone;2;Accelerator Physics
S. Kahn;1;Accelerator Physics
H. Kirk;1;Accelerator Physics
T. Kycia;1;Accelerator Physics
Y. Lee;1;Accelerator Physics
D. Lissauer;1;Accelerator Physics
A. Luccio;1;Accelerator Physics
A. McInturff;1;Accelerator Physics
F. Mills;1;Accelerator Physics
N. Mokhov;2;Accelerator Physics
G. Morgan;1;Accelerator Physics
D. Neuffer;2;Accelerator Physics
K-Y. Ng;2;Accelerator Physics
R. Noble;2;Accelerator Physics
J. Norem;1;Accelerator Physics
B. Norum;3;Accelerator Physics
K. Oide;2;Accelerator Physics
Z. Parsa;1;Accelerator Physics
V. Polychronakos;1;Accelerator Physics
P. Rehak;1;Accelerator Physics
T. Roser;1;Accelerator Physics
R. Scanlan;1;Accelerator Physics
L. Schachinger;1;Accelerator Physics
G. Silvestrov;2;No primary subject
I. Stumer;1;Accelerator Physics
M. Syphers;2;Accelerator Physics
H. Takahashi;1;Accelerator Physics
Y. Torun;1;Accelerator Physics
D. Trbojevic;2;Accelerator Physics
W. Turner;1;Accelerator Physics
A. Van Ginneken;1;Accelerator Physics
T. Vsevolozhskaya;1;Accelerator Physics
R. Weggel;1;Accelerator Physics
E. Willen;2;Accelerator Physics
W. Willis;1;Accelerator Physics
D. Winn;1;Accelerator Physics
J. Wurtele;1;Accelerator Physics
Y. Zhao;1;Accelerator Physics
M. Biagini;1;Accelerator Physics
Y. Nosochkov;14;Accelerator Physics
Y. Cai;5;Accelerator Physics
F.-J. Decker;2;Accelerator Physics
M.H.R. Donald;3;Accelerator Physics
A. Fisher;2;No primary subject
W. Kozanecki;1;Accelerator Physics
A. Kulikov;1;Accelerator Physics
M. Minty;2;Accelerator Physics
I. Reichel;2;Accelerator Physics
J. Seeman;2;Accelerator Physics
U. Wienands;1;Accelerator Physics
Y. Yan;1;Accelerator Physics
P. Kammel;4;Nuclear Experiment
TRIUMF Munoic Hydrogen Collaboration;3;Nuclear Experiment
A. Adamczak;5;Nuclear Experiment
J.M. Bailey;3;Nuclear Experiment
G.A. Beer;3;Nuclear Experiment
J.L. Beveridge;3;Nuclear Experiment
M.P. Faifman;3;Nuclear Experiment
T.M. Huber;3;Nuclear Experiment
S.K. Kim;3;Nuclear Experiment
P.E. Knowles;3;Nuclear Experiment
A.R. Kunselman;3;Nuclear Experiment
M. Maier;2;Nuclear Experiment
V.E. Markushin;5;No primary subject
G.M. Marshall;3;Nuclear Experiment
C.J. Martoff;4;Nuclear Experiment
G.R. Mason;3;Nuclear Experiment
F. Mulhauser;4;Nuclear Experiment
A. Olin;4;Nuclear Experiment
C. Petitjean;4;Nuclear Experiment
T.A. Porcelli;3;Nuclear Experiment
J. Wozniak;2;Nuclear Experiment
J. Zmeskal;5;Nuclear Experiment
TRIUMF Muonic Hydrogen Collaboration;1;Nuclear Experiment
M. C. Fujiwara;2;No primary subject
J. M. Bailey;1;Nuclear Experiment
G. A. Beer;1;Nuclear Experiment
J. L. Beveridge;1;Nuclear Experiment
M. P. Faifman;2;No primary subject
T. M. Huber;1;Nuclear Experiment
S. K. Kim;1;Nuclear Experiment
P. E. Knowles;1;Nuclear Experiment
A. R. Kunselman;1;Nuclear Experiment
V. E. Markushin;2;No primary subject
G. M. Marshall;1;Nuclear Experiment
G. R. Mason;1;Nuclear Experiment
T. A. Porcelli;1;Nuclear Experiment
M. Trimpl;1;Instrumentation and Detectors
N. Wermes;2;Instrumentation and Detectors
L. Andricek;1;Instrumentation and Detectors
P. Fischer;3;Instrumentation and Detectors
M. Haerter;1;Instrumentation and Detectors
K. Heinzinger;1;Instrumentation and Detectors
S. Herrmann;1;Instrumentation and Detectors
M. Karagounis;1;Instrumentation and Detectors
R. Kohrs;1;Instrumentation and Detectors
H. Krueger;2;Instrumentation and Detectors
G. Lutz;1;Instrumentation and Detectors
P. Lechner;2;No primary subject
I. Peric;1;Instrumentation and Detectors
M. Porro;1;Instrumentation and Detectors
R.H. Richter;1;Instrumentation and Detectors
G. Schaller;1;Instrumentation and Detectors
M.Schnecke-Radau;1;Instrumentation and Detectors
F. Schopper;1;Instrumentation and Detectors
H. Soltau;1;Instrumentation and Detectors
L.Strueder;1;Instrumentation and Detectors
J. Ulrici;1;Instrumentation and Detectors
J. Treis;2;Instrumentation and Detectors
D. Walz;1;Accelerator Physics
J.S.T. Ng;1;Accelerator Physics
W. Craddock;1;Accelerator Physics
F.J. Decker;1;Accelerator Physics
R.C. Field;1;Accelerator Physics
M.J. Hogan;1;Accelerator Physics
R. Iverson;1;Accelerator Physics
F. King;2;Accelerator Physics
T. Kotseroglou;1;Accelerator Physics
P. Raimondi;7;Accelerator Physics
H.A. Baldis;1;Accelerator Physics
P. Bolton;1;Accelerator Physics
Y. Fukui;1;Accelerator Physics
V. Kumar;2;No primary subject
C. Crawford;1;Accelerator Physics
K. Nakajima;1;Accelerator Physics
A. Ogata;1;Accelerator Physics
A.W. Weidemann;1;Accelerator Physics
J. S. Hangst;1;Plasma Physics
ATHENA Collaboration;2;No primary subject
M. Amoretti;1;Plasma Physics
C. Amsler;1;Plasma Physics
G. Bonomi;1;Plasma Physics
A. Bouchta;1;Plasma Physics
P. D. Bowe;1;Plasma Physics
C. Carraro;1;Plasma Physics
C. L. Cesar;1;Plasma Physics
M. Charlton;1;Plasma Physics
M. Doser;1;Plasma Physics
V. Filippini;1;Plasma Physics
A. Fontana;1;Plasma Physics
R. Funakoshi;1;Plasma Physics
P. Genova;1;Plasma Physics
L. V. Jorgensen;1;Plasma Physics
V. Lagomarsino;1;Plasma Physics
R. Landua;1;Plasma Physics
D. Lindelof;1;Plasma Physics
E. Lodi Rizzini;1;Plasma Physics
M. Macri';1;Plasma Physics
N. Madsen;1;Plasma Physics
G. Manuzio;1;Plasma Physics
P. Montagna;1;Plasma Physics
H. Pruys;1;Plasma Physics
C. Regenfus;2;No primary subject
A. Rotondi;1;Plasma Physics
G. Testera;1;Plasma Physics
A. Variola;1;Plasma Physics
D. P. van der Werf;1;Plasma Physics
C. James;1;High Energy Physics - Experiment
S. Amato;1;High Energy Physics - Experiment
J. R. T. de Mello;1;High Energy Physics - Experiment
J. de Miranda;1;High Energy Physics - Experiment
D. J. Summers;4;Accelerator Physics
S. B. Bracker;1;High Energy Physics - Experiment
M. Woodley;1;Accelerator Physics
T.O. Raubenheimer;15;Accelerator Physics
W. Gabella;1;Accelerator Physics
R.A. Carrigan Jr.;1;Accelerator Physics
D. Chen;1;Accelerator Physics
G. Jackson;1;Accelerator Physics
C.T. Murphy;1;Accelerator Physics
S. Baker;1;Accelerator Physics
A. Bogacz;1;Accelerator Physics
S. Ramachandran;1;Accelerator Physics
J. Rhoades;1;Accelerator Physics
J. Rosenzweig;1;Accelerator Physics
A. Asseev;1;Accelerator Physics
V. Biryukov;1;Accelerator Physics
A. Taratin;1;Accelerator Physics
J. A. Ellison;1;Accelerator Physics
A. Khanzadeev;1;Accelerator Physics
T. Prokofieva;1;Accelerator Physics
V. Samsonov;1;Accelerator Physics
G. Solodov;1;Accelerator Physics
B. Newberger;1;Accelerator Physics
E. Tsyganov;1;Accelerator Physics
H. J. Shih;1;Accelerator Physics
B. Cox;1;Accelerator Physics
V. Golovatyuk;1;Accelerator Physics
A. McManus;1;Accelerator Physics
A.V. Subashiev;1;Materials Science
E.L. Garwin;2;No primary subject
T. Maruyama;2;No primary subject
R. Prepost;1;Materials Science
P. Mastromarino;1;Accelerator Physics
T. B. Humensky;1;Accelerator Physics
R. Alley;1;Accelerator Physics
A. Brachmann;2;Accelerator Physics
G. D. Cates;1;Accelerator Physics
J. Clendenin;1;Accelerator Physics
J. deLamare;1;Accelerator Physics
J. Frisch;1;Accelerator Physics
T. Galetto;2;Accelerator Physics
E. W. Hughes;1;Accelerator Physics
K. S. Kumar;1;Accelerator Physics
J. Sodja;2;Accelerator Physics
P. A. Souder;2;No primary subject
J. Turner;1;Accelerator Physics
M. Woods;2;Accelerator Physics
C. Blochinger;1;High Energy Physics - Experiment
B. Badelek;1;High Energy Physics - Experiment
J.Blumlein;1;High Energy Physics - Experiment
E. Boos;1;High Energy Physics - Experiment
R. Brinkmann;4;No primary subject
H. Burkhardt;1;High Energy Physics - Experiment
P. Bussey;1;High Energy Physics - Experiment
C. Carimalo;1;High Energy Physics - Experiment
J. Chyla;1;High Energy Physics - Experiment
A. K. Ciftci;3;Accelerator Physics
W. Decking;1;High Energy Physics - Experiment
A. De Roeck;1;High Energy Physics - Experiment
V. Fadin;1;High Energy Physics - Experiment
A. Finch;1;High Energy Physics - Experiment
H. Fraas;1;High Energy Physics - Experiment
F. Franke;1;High Energy Physics - Experiment
M. Galynskii;1;High Energy Physics - Experiment
A. Gamp;1;High Energy Physics - Experiment
I. Ginzburg;2;High Energy Physics - Experiment
R. Godbole;1;High Energy Physics - Experiment
D. S. Gorbunov;1;High Energy Physics - Experiment
G. Gounaris;1;High Energy Physics - Experiment
K. Hagiwara;1;High Energy Physics - Experiment
L. Han;1;High Energy Physics - Experiment
R. D. Heuer;1;High Energy Physics - Experiment
C. Heusch;1;High Energy Physics - Experiment
J. Illana;1;High Energy Physics - Experiment
V. Ilyin;1;High Energy Physics - Experiment
P. Jankowski;1;High Energy Physics - Experiment
Yi Jiang;1;High Energy Physics - Experiment
G. Jikia;2;High Energy Physics - Experiment
L. Jonsson;1;High Energy Physics - Experiment
M. Kalachnikow;1;High Energy Physics - Experiment
F. Kapusta;1;High Energy Physics - Experiment
R. Klanner;2;No primary subject
M. Klasen;1;High Energy Physics - Experiment
K. Kobayashi;1;High Energy Physics - Experiment
T. Kon;1;High Energy Physics - Experiment
G. Kotkin;1;High Energy Physics - Experiment
M. Kramer;1;High Energy Physics - Experiment
M. Krawczyk;1;High Energy Physics - Experiment
Y. P. Kuang;1;High Energy Physics - Experiment
E. Kuraev;1;High Energy Physics - Experiment
J. Kwiecinski;1;High Energy Physics - Experiment
M. Leenen;2;No primary subject
M. Levchuk;1;High Energy Physics - Experiment
W. F. Ma;1;High Energy Physics - Experiment
H. Martyn;1;High Energy Physics - Experiment
T. Mayer;1;High Energy Physics - Experiment
M. Melles;1;High Energy Physics - Experiment
D.J. Miller;2;No primary subject
S. Mtingwa;1;High Energy Physics - Experiment
M. Muhlleitner;1;High Energy Physics - Experiment
B. Muryn;1;High Energy Physics - Experiment
P. V. Nickles;1;High Energy Physics - Experiment
R. Orava;1;High Energy Physics - Experiment
G. Pancheri;1;High Energy Physics - Experiment
A. Penin;1;High Energy Physics - Experiment
A. Potylitsyn;2;No primary subject
P. Poulose;1;High Energy Physics - Experiment
T. Quast;1;High Energy Physics - Experiment
H. Redlin;1;High Energy Physics - Experiment
F. Richard;1;High Energy Physics - Experiment
S. D. Rindani;1;High Energy Physics - Experiment
T. Rizzo;1;High Energy Physics - Experiment
R. Ruth;1;Accelerator Physics
S. G. Tantawi;1;Accelerator Physics
C. Nantista;2;Accelerator Physics
Z. Li;7;Accelerator Physics
R. Miller;3;Accelerator Physics
P. Wilson;1;Accelerator Physics
J. Neilson;1;Accelerator Physics
Y. Igarashi;1;Instrumentation and Detectors
Y. Yasu;1;Instrumentation and Detectors
E. Inoue;1;Instrumentation and Detectors
H. Fujii;2;No primary subject
M. Ikeno;1;Instrumentation and Detectors
M. Tanaka;1;Instrumentation and Detectors
K. Nakayoshi;1;Instrumentation and Detectors
H. Kodama;1;Instrumentation and Detectors
S. Harada;1;Instrumentation and Detectors
H. Kyoo;1;Instrumentation and Detectors
I. Semeniuok;1;Computational Physics
D. Bonacorsi;1;Computational Physics
P. Capiluppi;1;Computational Physics
A. Fanfani;1;Computational Physics
C. Grandi;1;Computational Physics
M. Corvo;1;Computational Physics
F. Fanzago;1;Computational Physics
M. Sgaravatto;1;Computational Physics
M. Verlato;1;Computational Physics
C. Charlot;1;Computational Physics
B. MacEvoy;1;Computational Physics
H. Tallini;1;Computational Physics
M. Biasotto;1;Computational Physics
S. Fantinel;1;Computational Physics
E. Leonardi;2;Computational Physics
A. Sciaba';1;Computational Physics
O. Maroney;1;Computational Physics
I. Augustin;1;Computational Physics
E. Laure;1;Computational Physics
M. Schulz;1;Computational Physics
H. Stockinger;2;No primary subject
V. Lefebure;1;Computational Physics
S. Burke;1;Computational Physics
J. J. Blaising;1;Computational Physics
J. Templon;1;Computational Physics
M. Reale;1;Computational Physics
G. Tortone;1;Computational Physics
F. Prelz;1;Computational Physics
C. Loomis;1;Computational Physics
D. Kotturi;1;Instrumentation and Detectors
S. Luitz;2;No primary subject
R. Bartoldus;1;Instrumentation and Detectors
S. Dasu;2;No primary subject
G. Dubois-Felsmann;1;Instrumentation and Detectors
B. Franek;1;Instrumentation and Detectors
J. Hamilton;1;Instrumentation and Detectors
R. Jacobsen;1;Instrumentation and Detectors
I. Narsky;1;Instrumentation and Detectors
C. O'Grady;1;Instrumentation and Detectors
A. Perazzo;1;Instrumentation and Detectors
R. Rodriguez;2;No primary subject
E. Rosenberg;1;Instrumentation and Detectors
A. Salnikov;2;No primary subject
M. Weaver;1;Instrumentation and Detectors
M. Wittgen;1;Instrumentation and Detectors
N. Baboi;5;Accelerator Physics
M. Liepe;2;Accelerator Physics
J. Sekutowicz;2;Accelerator Physics
N.M. Kroll;8;Accelerator Physics
S.G. Tantawi;4;Accelerator Physics
J. Lewandowski;1;Accelerator Physics
P.B. Wilson;2;Accelerator Physics
J.R. Lewandowski;1;Accelerator Physics
G.V. Stupakov;4;Accelerator Physics
R.D Ruth;1;Accelerator Physics
J.W Wang;1;Accelerator Physics
K.L.F. Bane;6;Accelerator Physics
E. Lin;1;Accelerator Physics
C. Zhang;1;Accelerator Physics
P. Czarapata;1;Accelerator Physics
D. Hartill;1;Accelerator Physics
S. Myers;1;Accelerator Physics
S. Peggs;1;Accelerator Physics
N. Phinney;3;Accelerator Physics
M. Serio;3;Accelerator Physics
F. Willeke;2;Accelerator Physics
S. Sekikawa;1;Instrumentation and Detectors
T. Hotta;1;Instrumentation and Detectors
M. Fujiwara;1;Instrumentation and Detectors
T. Kinashi;1;Instrumentation and Detectors
M. Kuss;1;Instrumentation and Detectors
T. Matsumura;1;Instrumentation and Detectors
T. Nakano;1;Instrumentation and Detectors
H. Tajima;1;Instrumentation and Detectors
A. Vlieks;1;High Energy Physics - Experiment
E. Jongewaard;1;High Energy Physics - Experiment
G. Caryotakis;1;High Energy Physics - Experiment
R. M. Phillips;1;High Energy Physics - Experiment
D. Sprehn;1;High Energy Physics - Experiment
M. Konecki;1;Instrumentation and Detectors
T. Rohe;1;Instrumentation and Detectors
D. Bortoletto;1;Instrumentation and Detectors
V. Chiochia;1;Instrumentation and Detectors
L.M. Cremaldi;1;Instrumentation and Detectors
S. Cucciarelli;1;Instrumentation and Detectors
A. Dorokhov;1;Instrumentation and Detectors
K. Prokofiev;2;No primary subject
D. A. Sanders;2;No primary subject
S. Son;1;Instrumentation and Detectors
T. Speer;2;No primary subject
M. Swartz;1;Instrumentation and Detectors
T. Iijima;1;Instrumentation and Detectors
S. Korpar;1;Instrumentation and Detectors
I. Adachi;1;Instrumentation and Detectors
S. Fratina;1;Instrumentation and Detectors
R. Ishibashi;1;Instrumentation and Detectors
H. Kawai;1;Instrumentation and Detectors
P. Krizan;1;Instrumentation and Detectors
S. Ogawa;1;Instrumentation and Detectors
R. Pestotnik;1;Instrumentation and Detectors
S. Saitoh;1;Instrumentation and Detectors
T. Seki;1;Instrumentation and Detectors
T. Sumiyoshi;1;Instrumentation and Detectors
K. Suzuki;1;Instrumentation and Detectors
T. Tabata;1;Instrumentation and Detectors
Y. Uchida;1;Instrumentation and Detectors
Y. Unno;1;Instrumentation and Detectors
S. Turkoz;1;Accelerator Physics
S. Sultansoy;16;No primary subject
O. Yavas;12;No primary subject
M. Yilmaz;4;Accelerator Physics
A. Hori;4;Fluid Dynamics
H. Mouri;5;Fluid Dynamics
Y. Kawashima;5;Fluid Dynamics
M. Takaoka;3;Fluid Dynamics
B.F. Murphy;1;Accelerator Physics
J. S. Berg;1;Accelerator Physics
A. A. Garren;1;Accelerator Physics
R. B. Palmer;7;Accelerator Physics
K. Hasegawa;1;Accelerator Physics
M. Kuriki;2;Accelerator Physics
H. Hayano;7;Accelerator Physics
T. Naito;7;Accelerator Physics
Josef Frisch;1;Instrumentation and Detectors
Linda Hendirckson;1;Instrumentation and Detectors
Thomas Himel;1;Instrumentation and Detectors
Andrei Seryi;4;Accelerator Physics
B.Lauss;2;Atomic Physics
P.Ackerbauer;2;Atomic Physics
W.H.Breunlich;2;Atomic Physics
B.Gartner;2;Atomic Physics
M.Jeitler;2;Atomic Physics
J.Marton;2;Atomic Physics
W.Prymas;2;Atomic Physics
D.Chatellard;2;Atomic Physics
J.-P.Egger;2;Atomic Physics
E.Jeannet;2;Atomic Physics
H.Daniel;2;Atomic Physics
F.J.Hartmann;2;Atomic Physics
A.Kosak;2;Atomic Physics
A.K. Ciftci;9;High Energy Physics - Experiment
O. Gurkan;1;Accelerator Physics
T. Olgar;1;Accelerator Physics
E. Recepoglu;5;Accelerator Physics
S. Biedron;1;Accelerator Physics
G. Travish;1;Accelerator Physics
M. Borland;2;Accelerator Physics
M. Hahne;1;Accelerator Physics
K. Harkay;1;Accelerator Physics
J. W. Lewellen;1;Accelerator Physics
A. Lumpkin;1;Accelerator Physics
S. Milton;1;Accelerator Physics
N. Sereno;1;Accelerator Physics
K. Abe;1;Instrumentation and Detectors
Y. Asaoka;1;Instrumentation and Detectors
T. Yoshida;1;Instrumentation and Detectors
K. Anraku;1;Instrumentation and Detectors
M. Fujikawa;1;Instrumentation and Detectors
H. Fuke;1;Instrumentation and Detectors
S. Haino;1;Instrumentation and Detectors
K. Izumi;1;Instrumentation and Detectors
T. Maeno;1;Instrumentation and Detectors
Y. Makida;1;Instrumentation and Detectors
N. Matsui;1;Instrumentation and Detectors
H. Matsunaga;1;Instrumentation and Detectors
M. Motoki;1;Instrumentation and Detectors
M. Nozaki;1;Instrumentation and Detectors
S. Orito;1;Instrumentation and Detectors
T. Sanuki;1;Instrumentation and Detectors
M. Sasaki;1;Instrumentation and Detectors
Y. Shikaze;1;Instrumentation and Detectors
T. Sonoda;1;Instrumentation and Detectors
J. Suzuki;1;Instrumentation and Detectors
K. Tanaka;2;Instrumentation and Detectors
Y. Toki;1;Instrumentation and Detectors
A. Yamamoto;1;Instrumentation and Detectors
Y.Fukui;1;Accelerator Physics
J.S.T.Ng;1;Accelerator Physics
P.Chen;2;Accelerator Physics
H.Baldis;1;Accelerator Physics
P.Bolton;1;Accelerator Physics
D.Cline;1;Accelerator Physics
W.Craddock;1;Accelerator Physics
C.Crawford;1;Accelerator Physics
F.J.Decker;1;Accelerator Physics
C.Field;1;Accelerator Physics
V.Kumar;1;Accelerator Physics
R.Iverson;1;Accelerator Physics
F.King;1;Accelerator Physics
R.E.Kirby;1;Accelerator Physics
K.Nakajima;1;Accelerator Physics
A.Ogata;1;Accelerator Physics
P.Raimondi;3;Accelerator Physics
D.Walz;1;Accelerator Physics
A.W.Weidemann;1;Accelerator Physics
P. Royer;1;Accelerator Physics
R. Corsini;2;Accelerator Physics
J.P. Potier;1;Accelerator Physics
L. Rinolfi;2;Accelerator Physics
T. Risselada;1;Accelerator Physics
T. S. Jensen;1;High Energy Physics - Phenomenology
G. N. Kim;1;Accelerator Physics
H. S. Kang;1;Accelerator Physics
Y. S. Lee;1;Accelerator Physics
M. H. Cho;3;Accelerator Physics
I. S. Ko;1;Accelerator Physics
W. Namkung;3;Accelerator Physics
R. L. Sheffield;1;Accelerator Physics
P. L. Colestock;2;Accelerator Physics
T. Wangler;1;Accelerator Physics
C. K. Allen;1;Accelerator Physics
D. Gilpatrick;1;Accelerator Physics
M. Thuot;1;Accelerator Physics
LEDA Operations Team;1;Accelerator Physics
M. Schulze;2;Accelerator Physics
A. Harvey;1;Accelerator Physics
A.Spitkovsky;1;Accelerator Physics
K.Yokoya;1;Accelerator Physics
J.S.Chai;1;Instrumentation and Detectors
H.J.Kim;2;Instrumentation and Detectors
H.J.Ahn;1;Instrumentation and Detectors
E.Won;1;Instrumentation and Detectors
T.Y.Kim;1;Instrumentation and Detectors
Y.D.Kim;1;Instrumentation and Detectors
M.H.Lee;1;Instrumentation and Detectors
J.H.Ha;1;Instrumentation and Detectors
J. Rifkin;1;Accelerator Physics
R.L. Brown;1;Accelerator Physics
R. Fuller;1;Accelerator Physics
I.Boscolo;1;Accelerator Physics
M.Castellano;1;Accelerator Physics
F.Tazzioli;1;Accelerator Physics
L.Catani;1;Accelerator Physics
L.Giannessi;1;Accelerator Physics
S. Cialdi;1;Accelerator Physics
M. Valentini;1;Accelerator Physics
Tor Raubenheimer;2;Accelerator Physics
V. Wu;1;Accelerator Physics
A. Moretti;3;Accelerator Physics
N. Holtkamp;3;Accelerator Physics
T. Jurgens;1;Accelerator Physics
Z. Qian;1;Accelerator Physics
M. Faber;3;Nuclear Theory
A. N. Ivanov;4;Nuclear Theory
A. Hirtl;2;Nuclear Theory
J. Marton;3;Nuclear Theory
N. I. Troitskaya;3;Nuclear Theory
M. Cargnelli;1;Nuclear Theory
M.V. Yurkov;6;Accelerator Physics
E.L. Saldin;6;Accelerator Physics
E.A. Schneidmiller;6;Accelerator Physics
J. Feldhaus;2;Accelerator Physics
M. Koerfer;2;Accelerator Physics
T. Moeller;2;Accelerator Physics
J. Pflueger;2;Accelerator Physics
S. Schreiber;1;Accelerator Physics
K. Floettmann;2;Accelerator Physics
O.S. Kozlov;1;Accelerator Physics
T. Limberg;3;Accelerator Physics
Ph. Piot;1;Accelerator Physics
T. Okugi;6;Accelerator Physics
V. Vogel;1;Accelerator Physics
K. L. F. Bane;3;Accelerator Physics
J. Urakawa;6;Accelerator Physics
K. Bane;1;Accelerator Physics
K. Kubo;3;Accelerator Physics
Q. Qin;1;Accelerator Physics
B. Mouton;1;Accelerator Physics
H. Braun;1;Accelerator Physics
R. Pittin;1;Accelerator Physics
F. Zhou;2;Accelerator Physics
D. Yeremian;1;Accelerator Physics
M.C. Thompson;1;Accelerator Physics
N. Barov;2;Accelerator Physics
T. Taniuchi;1;Accelerator Physics
T. Masuda;4;Accelerator Physics
T. Ohata;4;Accelerator Physics
T. Asaka;2;Accelerator Physics
H. Dewa;1;Accelerator Physics
T. Fukui;3;Accelerator Physics
H. Hanaki;1;Accelerator Physics
N. Hosoda;2;Accelerator Physics
T. Kobayashi;2;No primary subject
M. Kodera;1;Accelerator Physics
A. Mizuno;1;Accelerator Physics
S. Nakajima;1;Accelerator Physics
M. Takao;1;Accelerator Physics
R. Tanaka;3;Accelerator Physics
Y. Taniuchi;1;Accelerator Physics
H. Tomizawa;1;Accelerator Physics
A. Yamashita;2;Accelerator Physics
K. Yanagida;1;Accelerator Physics
F. Zach;1;Instrumentation and Detectors
J.-M. Le Goff;5;Instrumentation and Detectors
I. Willers;5;Instrumentation and Detectors
R. McClatchey;9;Instrumentation and Detectors
Z. Kovacs;7;Instrumentation and Detectors
F. Martin;1;Instrumentation and Detectors
L. Dobrzynski;1;Instrumentation and Detectors
R. Chestnut;1;Instrumentation and Detectors
L. Strüder;1;Accelerator Physics
S. Hillert;1;Accelerator Physics
R. Ischebeck;1;Accelerator Physics
U. C. Müller;1;Accelerator Physics
S. Roth;1;Accelerator Physics
K. Hansen;1;Accelerator Physics
P. Holl;1;Accelerator Physics
S. Karstensen;1;Accelerator Physics
J. Kemmer;1;Accelerator Physics
J. S. T. Ng;1;Accelerator Physics
P. Schmüser;1;Accelerator Physics
A. Aryshev;1;Accelerator Physics
B. Kalinin;1;Accelerator Physics
G. Naumenko;1;Accelerator Physics
R. Bardai;1;Accelerator Physics
B. Ishkhanov;1;Accelerator Physics
V. Shvedunov;2;Accelerator Physics
C.W. Schmidt;1;Accelerator Physics
L. Allen;1;Accelerator Physics
E. McCrory;2;Accelerator Physics
T. Sullivan;1;Accelerator Physics
E. Schneidmiller;2;No primary subject
O. Napoly;1;High Energy Physics - Experiment
E. Saldin;2;No primary subject
V. Serbo;1;High Energy Physics - Experiment
V. Telnov;1;High Energy Physics - Experiment
A. Undrus;1;High Energy Physics - Experiment
M.Yurkov;1;High Energy Physics - Experiment
G. Geloni;1;Accelerator Physics
M. Yurkov;1;Accelerator Physics
E. Tournefier;1;Medical Physics
S. Jan;1;Medical Physics
J. Collot;1;Medical Physics
M.-L. Gallin-Martel;1;Medical Physics
P. Martin;2;No primary subject
F. Mayet;1;Medical Physics
V. V. Stupakov;1;Accelerator Physics
M. Fukuda M. Mihara;1;Instrumentation and Detectors
T. Kamazuka;1;Instrumentation and Detectors
H. Kouno;3;Instrumentation and Detectors
K. Matsuta;1;Instrumentation and Detectors
T Minamisono;1;Instrumentation and Detectors
H. Tomida;1;Instrumentation and Detectors
K. Miyaguchi;3;Instrumentation and Detectors
F. Marcellini;1;Accelerator Physics
M. Zobov;4;Accelerator Physics
A. Drago;2;Accelerator Physics
A. Gallo;2;Accelerator Physics
A. Ghigo;1;Accelerator Physics
M. Migliorati;1;Accelerator Physics
L. Palumbo;3;Accelerator Physics
G. Vignola;1;Accelerator Physics
J.Hiraga;1;Instrumentation and Detectors
H.Tsunemi;2;Instrumentation and Detectors
A.D.Short;1;Instrumentation and Detectors
A.F.Abbey;1;Instrumentation and Detectors
P.J.Bennie;1;Instrumentation and Detectors
M.J.L.Turner;1;Instrumentation and Detectors
L. Michelotti;1;Accelerator Physics
C.H.Kim;1;Instrumentation and Detectors
S.H.Lee;1;Instrumentation and Detectors
T.W.Hur;1;Instrumentation and Detectors
F.Wang;1;Instrumentation and Detectors
I.C.Park;1;Instrumentation and Detectors
Hee Jong Kim;1;Instrumentation and Detectors
B.G.Cheon;1;Instrumentation and Detectors
E. Won;1;Instrumentation and Detectors
F. W. Wise;1;Optics
F. Ö. Ilday;1;Optics
K. Beckwitt;2;Optics
Y.-F. Chen;1;Optics
H. Lim;1;Optics
J. S. Kovach;1;Medical Physics
G. G. Kenning;1;Medical Physics
V.S. Zotev;1;Medical Physics
A. Moslemi;1;Medical Physics
S. Wilson;1;Medical Physics
L. Hawel;1;Medical Physics
C. Byus;1;Medical Physics
H.H. Braun;1;Accelerator Physics
L. Groening;1;Accelerator Physics
A. Kabel;2;Accelerator Physics
T. Raubenheimer;3;Accelerator Physics
F.Marcelja;1;Accelerator Physics
S.E. Harvey;1;Accelerator Physics
K. Adamson;1;Accelerator Physics
A. K Ciftci;1;Accelerator Physics
D. L. Petravick;1;Data Analysis, Statistics and Probability
L. M. Cremaldi;1;Data Analysis, Statistics and Probability
V. Eschenburg;1;Data Analysis, Statistics and Probability
R. Godang;1;Data Analysis, Statistics and Probability
C. N. Lawrence;1;Data Analysis, Statistics and Probability
C. Riley;1;Data Analysis, Statistics and Probability
F. van Lingen;1;Instrumentation and Detectors
P. v/d Stok;1;Instrumentation and Detectors
Jiunn-Ming Wang;1;Accelerator Physics
Juhao Wu;3;Accelerator Physics
W. Hassan;1;Instrumentation and Detectors
N. Bhatti;1;Instrumentation and Detectors
T. Nakatani;1;Accelerator Physics
Y. Furukawa;1;Accelerator Physics
M. Ishii;2;Accelerator Physics
S. J. Gowdy;1;Computational Physics
T. J. Adye;1;Computational Physics
A. Dorigo;1;Computational Physics
R. Dubitzky;1;Computational Physics
G. Hamel de Monchenault;1;Computational Physics
R. G. Jacobsen;1;Computational Physics
D. Kirkby;1;Computational Physics
S. Kluth;1;Computational Physics
L. Wilden;1;Computational Physics
R. Soliday;1;Accelerator Physics
T. Kroc;1;Accelerator Physics
M. McCarthy;1;Accelerator Physics
J. F. Tooker;1;Accelerator Physics
R. Bourque;1;Accelerator Physics
D. Christiansen;1;Accelerator Physics
J. Kamperschroer;1;Accelerator Physics
G. Laughon;1;Accelerator Physics
M. Pivi;1;Accelerator Physics
E. Scapparone;3;Instrumentation and Detectors
M. Caccia;1;Instrumentation and Detectors
R. Campagnolo;1;Instrumentation and Detectors
C. Meroni;1;Instrumentation and Detectors
H. Yonehara;1;Accelerator Physics
T. Aoki;1;Accelerator Physics
H. Ego;1;Accelerator Physics
K. Fukami;1;Accelerator Physics
Y. Ohashi;1;Accelerator Physics
T. Takashima;1;Accelerator Physics
S.T. Chui;1;Atomic and Molecular Clusters
K. Esfarjani;1;Atomic and Molecular Clusters
Y. Kawazoe;1;Atomic and Molecular Clusters
R. Fruehwirth;1;Computational Physics
W. Waltenberger;1;Computational Physics
P. Vanlaer;1;Computational Physics
E. Chabanat;1;Computational Physics
N. Estre;1;Computational Physics
L. Hendrickson;2;Accelerator Physics
P. Tenenbaum;3;Accelerator Physics
P. Grossberg;1;Accelerator Physics
T. Himel;1;Accelerator Physics
C. J. Horowitz;1;Nuclear Theory
S. J. Pollock;1;Nuclear Theory
R. Michaels;1;Nuclear Theory
E.Miyata;1;Instrumentation and Detectors
J. Hiraga;3;Instrumentation and Detectors
J. Corbett;4;Accelerator Physics
J. Safranek;1;Accelerator Physics
R. Helm;1;Accelerator Physics
L. Keller;1;Accelerator Physics
M. Miki;2;No primary subject
K. Yasui;1;Instrumentation and Detectors
K. Yamamoto;5;No primary subject
R.Vilela Mendes;1;Data Analysis, Statistics and Probability
S. Harvey;1;Accelerator Physics
F. Marcelja;1;Accelerator Physics
M.H. Cho;1;Accelerator Physics
T.L. Smith;1;Accelerator Physics
D. Edwards;1;Accelerator Physics
H. Edwards;1;Accelerator Physics
S. Nagaitsev;1;Accelerator Physics
J. Santucci;1;Accelerator Physics
K. Desler;1;Accelerator Physics
I. Bohnet;1;Accelerator Physics
K. Thompson;1;Accelerator Physics
A.F. Abbey;1;Instrumentation and Detectors
A.D. Short;1;Instrumentation and Detectors
P.J. Bennie;1;Instrumentation and Detectors
M.J.L. Turner;1;Instrumentation and Detectors
N.T. Folwell;2;Accelerator Physics
E.W. Lundahl;1;Accelerator Physics
B. McCandless;1;Accelerator Physics
M.D. Starkey;1;Accelerator Physics
Y. Sun;1;Accelerator Physics
A. Steinhof;1;Accelerator Physics
M. Fritz;1;Accelerator Physics
T. Hezel;4;Accelerator Physics
M. Homscheidt;1;Accelerator Physics
H.O. Moser;3;Accelerator Physics
Th. Schneider;2;Accelerator Physics
H. Backe;1;Accelerator Physics
S. Dambach;1;Accelerator Physics
F. Hagenbuck;1;Accelerator Physics
K.-H. Kaiser;1;Accelerator Physics
W. Lauth;1;Accelerator Physics
Th. Walcher;1;Accelerator Physics
F. Estrella;2;Instrumentation and Detectors
J-M. Le Goff;2;Instrumentation and Detectors
G. Chevenier;2;Instrumentation and Detectors
A. Bazan;2;Instrumentation and Detectors
T. Le Flour;2;Instrumentation and Detectors
S. Lieunard;2;Instrumentation and Detectors
J-P. Vialle;2;Instrumentation and Detectors
N. Baker;3;Instrumentation and Detectors
G. Organtini;2;Instrumentation and Detectors
S. Bityukov;2;Instrumentation and Detectors
C. Tang;1;Accelerator Physics
M. Yagi;1;Plasma Physics
A. I. Smolyakov;1;Plasma Physics
Y. Kishimoto;5;Atomic Physics
M.Breidenbach;1;Accelerator Physics
A.Seryi;2;Accelerator Physics
J.Frisch;1;Accelerator Physics
A. Argan;1;Accelerator Physics
R. Kirby;1;Accelerator Physics
J. E. Clendenin;3;Accelerator Physics
Y. Luo;1;Accelerator Physics
D. Newsham;2;Accelerator Physics
T. Lari;2;Instrumentation and Detectors
L. Klingbeil;1;Instrumentation and Detectors
A. Luque;1;Plasma Physics
H. Schamel;1;Plasma Physics
Q. S. Shu;1;Accelerator Physics
A. Chepurnov;1;Accelerator Physics
I. Gribov;1;Accelerator Physics
F. Nedeoglo;1;Accelerator Physics
O. Novojilov;1;Accelerator Physics
S. Dudnikov;1;Accelerator Physics
M. R. Simonson;1;Computational Physics
A. V. Telnov;1;Computational Physics
T. J. Pavel;1;Computational Physics
O. H. Saxton;1;Computational Physics
A.D. Buckingham;1;Optics
D.S. Wiersma;1;Optics
F.W. Wise;1;Optics
A. A. Isoyan;1;Optics
A. V. Kuyumchyan;1;Optics
A. Yu. Souvorov;1;Optics
V.V. Aristov;1;Optics
K. Trouni;1;Optics
E. Sarkisian;1;Optics
P. Emma;1;Accelerator Physics
R. Akre;1;Accelerator Physics
V. Bharadwaj;1;Accelerator Physics
H. Nakagawa;2;Accelerator Physics
K. Furukawa;5;Accelerator Physics
J. Chiba;2;Accelerator Physics
N. Kamikubota;4;Accelerator Physics
N. Yamamoto;1;Accelerator Physics
H. Sakaki;1;Accelerator Physics
H. Yoshikawa;1;Accelerator Physics
J.-C. Denard;1;Accelerator Physics
R. W. Dickson;1;Accelerator Physics
R. Kazimi;1;Accelerator Physics
V. A. Lebedev;1;Accelerator Physics
M. G. Tiefenback;1;Accelerator Physics
T. Imai;1;Accelerator Physics
K. Nakai;1;Accelerator Physics
N. Terunuma;1;Accelerator Physics
A. Papanestis;1;Instrumentation and Detectors
T. Obata;1;Accelerator Physics
T. Suwada;2;Accelerator Physics
J. Schaper;1;Accelerator Physics
U. Bandow;1;Accelerator Physics
D. Einfeld;2;Accelerator Physics
P. Brooks;1;Instrumentation and Detectors
M. Tada;4;Atomic Physics
I. Ogawa;4;Atomic Physics
H. Funahashi;4;Atomic Physics
S. Matsuki;4;Atomic Physics
M. Shibata;3;Atomic Physics
K. Kominato;3;Atomic Physics
S. Yamada;2;Atomic Physics
T. Rabedeau;1;Accelerator Physics
M. Waseem Hassan;1;Instrumentation and Detectors
Kamran Munir;1;Instrumentation and Detectors
Arshad Ali;1;Instrumentation and Detectors
B. Krevet;2;Accelerator Physics
J. A. Rossmanith;1;Accelerator Physics
L.Hendrickson;1;Accelerator Physics
T.Raubenheimer;1;Accelerator Physics
P.Tenenbaum;1;Accelerator Physics
M. Jaworski;1;High Energy Physics - Experiment
P. Chumney;1;High Energy Physics - Experiment
J. Lackey;1;High Energy Physics - Experiment
P. Robl;1;High Energy Physics - Experiment
W. H. Smith;1;High Energy Physics - Experiment
Gennady Stupakov;1;Accelerator Physics
Zhirong Huang;1;Accelerator Physics
M. J. Fitch;2;Accelerator Physics
A. C. Melissinos;2;Accelerator Physics
J.-P. Carneiro;2;Accelerator Physics
H. T. Edwards;2;Accelerator Physics
W. H. Hartung;2;Accelerator Physics
K.A. Thompson;1;Accelerator Physics
J. L. Turner;1;Accelerator Physics
D. -A. Luh;1;Accelerator Physics
F Estrella;1;Instrumentation and Detectors
M. Wellenzohn;1;General Relativity and Quantum Cosmology
A. P. Kobushkin;1;General Relativity and Quantum Cosmology
Tohru Ohnuki;1;Instrumentation and Detectors
Daniel P. Snowden-Ifft;1;Instrumentation and Detectors
K. H. Chung;1;Accelerator Physics
J. S. Oh;2;Accelerator Physics
J. S. Bak;2;Accelerator Physics
T. Shintake;1;Accelerator Physics
A. Enomoto;1;Accelerator Physics
T. Kamitani;1;Accelerator Physics
Y. Ogawa;1;Accelerator Physics
S. Ohsawa;1;Accelerator Physics
G. R. White;1;Accelerator Physics
R. Walther;1;Accelerator Physics
F. Perez;1;Accelerator Physics
S. Asai;1;High Energy Physics - Experiment
O. Jinnouchi;1;High Energy Physics - Experiment
Linac Commissioning Group;1;Accelerator Physics
C.D. Nantista;1;Accelerator Physics
W.R. Fowkes;1;Accelerator Physics
C. Giunti;10;No primary subject
M. Laveder;2;High Energy Physics - Experiment
J. C. Gallardo;4;Accelerator Physics
Y. Islamzade;1;High Energy Physics - Experiment
H. Karadeniz;1;High Energy Physics - Experiment
S. J. Park;1;Accelerator Physics
V. G. Vaccaro;1;Accelerator Physics
J. Irwin;1;Accelerator Physics
D.M. Ritson;1;Accelerator Physics
Y.M. Nosochkov;1;Accelerator Physics
R. E. Kirby;1;Accelerator Physics
T.S. Jensen;2;Atomic Physics
